email,real_name,event_type_name,membership_type,total_credits_purchased,period_name
user1@example.com,User One,open_play,full_member,,Fall 2025
user1@example.com,User One,competitive,punch_card,10,Fall 2025
user2@example.com,User Two,open_play,full_member,,Fall 2025
user2@example.com,User Two,competitive,full_member,,Fall 2025
user3@example.com,User Three,open_play,punch_card,5,Fall 2025
user4@example.com,User Four,open_play,full_member,,Winter 2026
user5@example.com,User Five,competitive,punch_card,8,Winter 2026
user6@example.com,User Six,open_play,full_member,,Fall 2025
user6@example.com,User Six,competitive,punch_card,12,Fall 2025
